first_name,last_name,email
Benoît,Blanc,benoit.blanc@yopmail.fr
Wilfried,Jean,wilfried.jean@yopmail.fr
Patricia,Garnier,patricia.garnier@yopmail.fr
Jean-Claude,Leclercq,jean-claude.leclercq@yopmail.fr
Gérard,Perez,gerard.perez@yopmail.fr
Anissa,Mercier,anissa.mercier@yopmail.fr
Aimée,Moreau,aimee.moreau@yopmail.fr
Aurèle,Chevalier,aurele.chevalier@yopmail.fr
Luce,Vidal,luce.vidal@yopmail.fr
Geoffroy,Dupuis,geoffroy.dupuis@yopmail.fr
